SEQ,ISSUE_DOMAIN,PHASE,ISSUE_TYPE,TYPE_LABEL,TYPICAL_SOURCE,SUGGESTED_BLOCKED_STAGES,SUGGESTION_BASIS,EXISTS_IN_TRIAL,UNRESOLVABLE_OCCURS,BLOCKED_STAGES,WAIVER_TYPE,DECIDED_BY,BASIS_DOC,NOTE
1,QUERY,1,MISSING_DATA,필수 항목 미입력,EDC query type 설정 / Data Validation Specification,(없음),빈 값 상태로도 SDV·서명·freeze 진행 가능. 예외 처리 불필요,,,,,,,
2,QUERY,1,INCONSISTENT_DATA,항목 간 불일치,EDC query type 설정 / Data Validation Specification,(없음),불일치가 남더라도 후속 단계 완료 가능,,,,,,,
3,QUERY,1,OUT_OF_RANGE,범위 이탈 값,EDC query type 설정 / Data Validation Specification,(없음),확인 후 그대로 두는 경우가 많음. 후속 단계 진행 가능,,,,,,,
4,QUERY,1,DATE_LOGIC,날짜 논리 오류,EDC query type 설정 / Data Validation Specification,(없음),후속 단계 진행 가능,,,,,,,
5,QUERY,1,UNIT_MISMATCH,단위 불일치,EDC query type 설정 / Data Validation Specification,(없음),후속 단계 진행 가능,,,,,,,
6,QUERY,1,DUPLICATE_ENTRY,중복 입력,EDC query type 설정 / Data Validation Specification,(없음),데이터 정정으로 처리할 사안. 예외 처리 대상 아님 (README 3장),,,,,,,
7,QUERY,1,PROTOCOL_DEVIATION,프로토콜 일탈 확인,EDC query type 설정 / Data Validation Specification,(없음),일탈이어도 데이터 자체는 유효. 후속 단계 진행 가능,,,,,,,
8,QUERY,1,MEDICAL_REVIEW,의학적 검토 요청,EDC query type 설정 / Data Validation Specification,(없음),후속 단계 진행 가능,,,,,,,
9,QUERY,1,SAE_RECONCILIATION,SAE 대조,EDC query type 설정 / Data Validation Specification,(없음),후속 단계 진행 가능,,,,,,,
10,QUERY,1,EXTERNAL_DATA_MISMATCH,외부 데이터 불일치,EDC query type 설정 / Data Validation Specification,(없음),Reconciliation 영역에서 별도 추적,,,,,,,
11,QUERY,1,CODING_UNRESOLVABLE,코딩 불가 기재 (사이트 응답 불가),EDC query type 설정 / Data Validation Specification,coding,코딩만 물리적으로 불가. 입력·SDV·리뷰·서명은 가능,,,,,,,
12,QUERY,1,SOURCE_MISSING,원자료 부재,EDC query type 설정 / Data Validation Specification,sdv,대조할 원자료가 없어 SDV만 불가. 나머지 진행 가능,,,,,,,
13,QUERY,1,SOURCE_INACCESSIBLE,원자료 접근 불가 (사이트 폐쇄 등),EDC query type 설정 / Data Validation Specification,sdv,SOURCE_MISSING과 동일 성격,,,,,,,
14,QUERY,1,SITE_UNRESPONSIVE,사이트 응답 불가 (폐쇄·인력 부재),EDC query type 설정 / Data Validation Specification,sign,"investigator 서명을 받을 수 없음. SDV도 불가하면 sdv,sign",,,,,,,
15,QUERY,1,DATA_NOT_COLLECTED,데이터가 애초에 수집되지 않음,EDC query type 설정 / Data Validation Specification,ALL_INCOMPLETE,주의 — 기대 자체가 잘못된 경우일 수 있음 (README 3장),,,,,,,
16,SAMPLE,2,HEMOLYSIS,용혈,Central lab manual issue code / external data recon file,analyzed,수령은 됨. 분석만 불가,,,,,,,
17,SAMPLE,2,CLOTTED,응고,Central lab manual issue code / external data recon file,analyzed,수령은 됨. 분석만 불가,,,,,,,
18,SAMPLE,2,INSUFF_VOL,채취량 부족,Central lab manual issue code / external data recon file,analyzed,분석 최소량 미달. 시험·분석법별로 가능할 수도 있음,,,,,,,
19,SAMPLE,2,TEMP_EXCURSION,온도 이탈,Central lab manual issue code / external data recon file,analyzed,주의 — 이탈 범위에 따라 분석 가능한 경우가 있음. bioanalytical lab 판단 필요,,,,,,,
20,SAMPLE,2,WRONG_TUBE,잘못된 채취 용기,Central lab manual issue code / external data recon file,analyzed,분석법 요건 불충족,,,,,,,
21,SAMPLE,2,EXPIRED_KIT,kit 유효기간 초과,Central lab manual issue code / external data recon file,analyzed,분석 유효성 불충족,,,,,,,
22,SAMPLE,2,BROKEN_CONTAINER,용기 파손,Central lab manual issue code / external data recon file,ALL_INCOMPLETE,검체가 소실됨,,,,,,,
23,SAMPLE,2,LOST_IN_TRANSIT,배송 중 분실,Central lab manual issue code / external data recon file,ALL_INCOMPLETE,검체 자체가 없음,,,,,,,
24,SAMPLE,2,NOT_COLLECTED,미채취 확정,Central lab manual issue code / external data recon file,ALL_INCOMPLETE,주의 — 기대 자체가 잘못된 경우일 수 있음,,,,,,,
25,SAMPLE,2,LABEL_MISMATCH,라벨 불일치,Central lab manual issue code / external data recon file,(없음),주의 — 식별 정정으로 해결되면 예외 불필요. 식별 불가 확정 시 ALL_INCOMPLETE,,,,,,,
26,IMAGE,2,IMAGE_LOST,영상 소실,Imaging Manual QC failure reason / Imaging Review Charter,ALL_INCOMPLETE,영상 자체가 없음,,,,,,,
27,IMAGE,2,NOT_PERFORMED,미촬영 확정,Imaging Manual QC failure reason / Imaging Review Charter,ALL_INCOMPLETE,주의 — 기대 자체가 잘못된 경우일 수 있음,,,,,,,
28,IMAGE,2,INCORRECT_MODALITY,잘못된 검사 방법,Imaging Manual QC failure reason / Imaging Review Charter,read,재촬영 불가 시 판독 불가. 업로드·QC는 이미 수행됨,,,,,,,
29,IMAGE,2,INCOMPLETE_SERIES,시리즈 불완전,Imaging Manual QC failure reason / Imaging Review Charter,read,판독 요건 불충족,,,,,,,
30,IMAGE,2,POOR_QUALITY,영상 품질 미달,Imaging Manual QC failure reason / Imaging Review Charter,read,판독 불가,,,,,,,
31,IMAGE,2,WRONG_TIMEPOINT,잘못된 시점 촬영,Imaging Manual QC failure reason / Imaging Review Charter,read,주의 — 해당 방문의 평가에 사용 불가. 평가 시점 재배정 가능성 확인,,,,,,,
32,IMAGE,2,MISSING_CONTRAST,조영제 누락,Imaging Manual QC failure reason / Imaging Review Charter,read,판독 요건 불충족,,,,,,,
33,IMAGE,2,PHI_PRESENT,개인식별정보 포함,Imaging Manual QC failure reason / Imaging Review Charter,(없음),비식별 처리 후 진행 가능. 예외 처리 불필요,,,,,,,
34,QUERY,1,,,,,(사내 고유 유형 추가),,,,,,,
35,QUERY,1,,,,,(사내 고유 유형 추가),,,,,,,
36,QUERY,1,,,,,(사내 고유 유형 추가),,,,,,,
37,QUERY,1,,,,,(사내 고유 유형 추가),,,,,,,
38,QUERY,1,,,,,(사내 고유 유형 추가),,,,,,,
39,SAMPLE,2,,,,,(사내 고유 유형 추가),,,,,,,
40,SAMPLE,2,,,,,(사내 고유 유형 추가),,,,,,,
41,IMAGE,2,,,,,(사내 고유 유형 추가),,,,,,,
42,IMAGE,2,,,,,(사내 고유 유형 추가),,,,,,,
