STUDYID,SITEID,SUBJID,VISITID,VISITNAME,VISITDT,VISITSTAT,UNSCHFL,VISITSEQ
GOLD-001,S01,G-001,V1,Baseline,2026-07-01,OCCURRED,N,1
GOLD-001,S01,G-001,V2,Cycle 1,2026-07-15,OCCURRED,N,1
GOLD-001,S01,G-001,V3,Follow-up,2026-08-05,OCCURRED,N,1
GOLD-001,S01,G-002,V1,Baseline,2026-08-20,OCCURRED,N,1
GOLD-001,S02,G-003,V1,Baseline,2026-09-16,OCCURRED,N,1
GOLD-001,S02,G-004,V1,Baseline,2026-07-01,OCCURRED,N,1
GOLD-001,S02,G-004,V2,Cycle 1,2026-07-15,OCCURRED,N,1
GOLD-001,S02,G-004,V3,Follow-up,2026-07-29,OCCURRED,N,1
GOLD-001,S01,G-006,V1,Baseline,2026-09-10,OCCURRED,N,1
